계정 ID,계정의 리뷰 수,방문 날짜,방문 횟수,인증 수단,리뷰 내용,리뷰 글자 수,리뷰 내 사진 유무
여행이 고픈자,2094,2026.04.01,1번째 방문,영수증,창경궁 나들이 갔다가 들렀는데 너무 맛있는 식당이네요 다만 3명 이상은 대기가 길어져서 한참 기달렸어요ㅠㅠ 둘이 가면 빠르게 입장 가능할듯요,78,True
연극죽여주는이야기,1360,2026.03.01,3번째 방문,영수증,혜화맛집만 검색하면 오이지가 전체 도배되서 마케팅 힘이다 생각했는데 막상 먹어보니 완전 맛집 인정합니다 하나하나 맛에 섬세함이 느껴져서 왜 줄을 그리 많이 서는지 알게 되었습니다 꼭 와서 드셔 보시길 강력 추천합니다!!!,123,True
박ㄸㅏ,37,2026.04.06,1번째 방문,영수증,아이가 먹고싶다해서 들어왔는데 빠른 테이블셋팅에 여러가지메뉴도 막힘없이 착착 나와서 너무 좋았어요! 맛도 너무 좋아서 재방문 무조건 하려구용:),80,True
연극죽여주는이야기,1360,2026.02.19,2번째 방문,영수증,"차돌들기름국수(알싸한맛),흑임자크림수제비,마라차돌 순두부 3가지 시켜서 먹었는데 정말 맛있는건 앞서 말했던 두가지가 정말 맛있네요 크림수제비는 치즈가 듬뿍 들어있어 깊은 고소함을 더하고 차돌들기름국수는 알싸한 맛에 들기름의 진한 향~ 단짠에 고소함까지 더해져 구미 당기는 맛이라 정신 못차리고 흡입했습니다 정말 찐 맛집 인정!!! 잘 먹고 갑니다",193,True
또재맘79,36,2026.03.21,1번째 방문,영수증,"시그니처위주로 먹었는데 맛있네요~~~^^ 미나리새우전 바삭하고, 순두부찌개도 맛깔스럽네요~ 특히 차돌들기름국수 짜지않고 너무 고소하고 맛나요♡",79,True
하지래빗,105,2026.04.06,1번째 방문,영수증,서울대병원 갔다가 방문했어요! 퓨전 한식이라 독특한데 메뉴에 치즈가 듬뿍 들어있어요~ 저는 치즈 좋아해서 좋았습니다🫶🏻,66,True
kindkirin,16,2026.04.04,1번째 방문,영수증,음식이 깔끔하고 맛있었어요 테이블 간격이 너무 좁지 않아서 아이 데리고 밥 먹기도 좋았습니다. 들기름 국수 맛있었어요 다음에 또 올 거 같아요,79,True
ces****,15,2026.04.09,1번째 방문,영수증,"오이지 식당 다녀왔는데 진짜 조합 미쳤음 🤤 들기름막국수는 고소한 향이 딱 올라오면서 면이 쫄깃해서 계속 들어감… 자극적이지 않은데도 계속 먹게 되는 맛이라 깔끔하게 좋았고, 마라찌개는 얼얼하면서도 깊은 맛이 있어서 막국수랑 같이 먹으니까 밸런스 완전 잘 맞음 👍 전체적으로 메뉴 조합이 너무 좋고, 한 끼 제대로 먹은 느낌이라 만족도 높았음. 다음에 또 재방문 의사 있음!",209,True
연극죽여주는이야기,1360,2026.02.13,1번째 방문,영수증,"흑임자크림수제비,오이지소왕갈비,명란치즈순두부 음식3가지와 알밤막걸리 시켰는데 둘이서 먹기엔 양이 많아 보였는데 정말 깔끔하게 다 먹었네요 홍보가 제일 잘 되어 있길래 맛은 어떨까 궁금했는데 완전 맛집 인정!!! 재 방문 무조건 할 맛집입니다 잘 먹고 갑니다",143,True
sun****,25,2026.04.09,1번째 방문,영수증,너무맛잇어요 왜 대학로 대표 맛집으로 뽑혔는지 알겠네요~~ 언제와도 맛잇고 데이트 친목 다 상관없이 오시면 좋을거같애요,66,True
99j****,23,2026.03.21,1번째 방문,영수증,명란 치즈 순두부라는 이색적인 메뉴에 이끌려서 왔는데 정말 맛있어요! 끓이면서 먹을 수 있어서 따뜻하고 맛있게 잘 먹었네요~ 양도 많아요! 덮밥도 맛있었습니다^^,90,True
이혜림98,33,2026.04.04,1번째 방문,영수증,들기름 막국수랑 마라찜 너무 맛있어요 들기름은 진짜 추천합니다bbb최고!!,41,True
OBND,1857,2026.04.07,13번째 방문,영수증,맛있게 단맛 있는 스키야끼 덮밥과 명란치즈순두부 조합 좋아요,33,True
체리핑크77,93,2026.03.21,1번째 방문,영수증,메뉴 주문 후 빠르게 나오는 곳 넘 맘에 드어요~배고플때오니 빠른속도의 차림 짱~~음식도 맛있고 직원분들 모두 친절하시네요~맛있게 잘 먹었습니다~^^,83,True
326****,32,2026.03.30,1번째 방문,영수증,데이트로 방문했는데 정말 너무 맛있네여ㅜㅜ 나중에는 사과 막걸리도 먹어보고 싶어요. 순두부가 진짜…짱……,58,True
yangys83,75,2026.03.21,1번째 방문,영수증,가족들과 왔는데 음식이 특이하고 맛있어요~ 특히 가지요리가 너무 맛있어요^^ 오픈런해서 들어왔는데 늦으면 대기해야해요^^,67,True
qkr****,129,2026.01.21,2번째 방문,영수증,먹고 나오면서 바로 리뷰쓰고 싶어졌던 식당이었어요!! 간만에 입이 즐거웠네요:) 감자전이랑 명란순두부찌개 주문했는데 메뉴 선택 너무 잘 한것 같은거 있죠ㅎㅎ 반찬도 퓨전집에서 흔히 볼 수 있는 맛이 아니라 계속 손이 갔어요!! 명란 순두부찌개는 찐 밥도둑이었어요. 명란이랑 계란을 풀수록 맛이 달라지는게 질리지 않고 싹 긁어먹었네요. 담에 지인 대려오면 순두부는 꼭 시켜야 한다 할거 같았어요. 느끼한것만 먹음 물릴 수 있는데 칼칼한게 들어가니까 행복하더라구요:)🫶🙌 감자전은 겉바속촉 그 자체였어요!! 모짜렐라 치즈랑 베이컨이 감자랑 같이 튀겨지면 이렇게 맛있구나 했답니다?? 크기가 꽤 큰데도 소스에 찍어먹으니까 그냥 한판 다 먹었어요. 강추강추😭 다음에 맛있는거 맥이고 싶은 지인 대리고 꼭 와야겠어요🫶👍🏻,398,True
qjs****,52,2026.03.28,1번째 방문,영수증,고소한 차돌들기름 막국수와 꼬막비빔밥이 아주 딱 좋았어요. 마라차돌순두부도 마라향 물씬 느꼈습니다.^^,57,True
길난,20,2026.04.09,1번째 방문,영수증,친구들 데려왔는데 다 넘 맛있대용ㅎㅎ 가성비 좋고 분위기 좋아요 비오는날이라 미나리전 시켰는데 향긋하고 맛있어요! 막국수랑 수제비는 언제먹어도 맛있어용 오이지는 좀 짜요,94,True
이나인화,61,2026.04.03,1번째 방문,영수증,맛있어요 ~~ 친구랑 오기 좋아요 김치 치즈볼 추천합니당 ^^🤗,35,True
75코코,158,2026.02.05,1번째 방문,영수증,명란치즈순두부 완전 강추입니다 고체연료로 마지막까지 치즈를 맛나게 먹을 수 있어 좋았어요 10점. 만점에 10점 매콤달칼비덮밥은 비추 달고 닭갈비 식감이 별로 충분히 데워지지않은 식감 뻣뻣한 닭갈비10점 만점에 3점 거의 남겼네요 밑반찬 2가지 백김치 짱~~ 오이지는 너무 짰어요 한 가지는 맛나게 먹어서 나름 만족요,177,True
Khzzan,38,2026.03.18,1번째 방문,영수증,너무 맛있게 질 먹었습니다!! 항상 변함없이 친절하고 맛있어요!!,36,True
069oo069,13,2026.03.17,1번째 방문,영수증,순두부랑 스키야끼 덮밥 주문해서 먹었어요! 치즈랑 명란 들어가니까 진짜진짜 맛있어요 덮밥은 고추 장아찌?인가 얹어먹으면 더 맛있구요! 혜화 또 놀러오면 꼭 다시 올게요!!,95,True
맛집조아걸,54,2026.03.20,1번째 방문,영수증,왕갈비 정말 맛있네요👍 엄마 모시고 정말 맛있게 먹었습니다ㅎㅎ,34,True
ekw****,60,2026.03.22,1번째 방문,영수증,남편이랑 혜화 연극 보러 와서 점심 뭐먹을지 고민하다가 줄서있는거 보고 맛집이라 생각해서 들어왔는데 맛집 맞네요! 담에 또 올게요~^^,75,True
극과극만리뷰씀,128,2026.03.21,1번째 방문,영수증,아니 올때마다 존맛이에요 츄릅 다음에는 막걸리랑 하이볼도. . . 🤤,38,True
nay****,14,2026.03.17,1번째 방문,영수증,유명한 명란치즈순두부찌개 진짜 맛있어요! 차돌들기름막국수도 같이 곁들여먹기 좋아요🫶,46,True
스윗팰리스,241,2026.04.09,1번째 방문,영수증,너무 맛있어서 순삭했어요~ 순두부찌개랑 흑임자 수제비 꼭 드세요!! 너무 맛있어요~,46,True
che****,36,2026.04.04,1번째 방문,영수증,가족들과 점심식사하러 왔는데 음식이 양도 충분하고 맛도 좋아요 ! 분위기도 좋아서 다음에 또 방문하고싶네요 !,61,True
pianopoem,49,2026.03.07,1번째 방문,영수증,순두부찌개 진하고 맛있어요~~색다른 느낌의 메뉴들이 있어서 좋았어요,37,True
yyb****,118,2026.04.05,1번째 방문,영수증,너무너무 좋아하는 오이지..들기름 국수랑 명란 치즈 순두부 조합이 최곱니당..,43,True
짱1972,1804,2026.02.07,1번째 방문,영수증,깔끔하고 맛있고 음식이 빨리나와서 좋아요 사장님은 친절하신데 직원분들은 그닥 친절하지 않네요,51,True
지현7911,66,2026.04.01,1번째 방문,영수증,서울여행와서 혼밥하러왔어요 ! 순두부찌개도 맛잇고 기본찬으로 나오는 오이지가 정말 맛있습니다 🥰,53,True
댄준777,240,2025.12.27,1번째 방문,영수증,11시에 문이 열려있길래 들어왔더니 11시반부터 주문받는대서 놀랐네요. 알고보니 줄서지 않고서 먹기 힘든 맛집이었대서 더 놀랐어요 ㅋㅋ 금방 자리가 꽉 차더라고요. 명란순두부찌개는 진짜 선택에 후회없이 맛있게 먹었습니다. 명란 풀기 전후 계란 풀기 전후 맛이 계속 달라지는게 재밌더라고요 ㅎㅎ 그리고 사과막걸리가 진짜 맛있었어용 사가고 싶을 정도였답니다. 다음에 또 올 기회가 있길 ㅎㅎ,216,True
그로밌,25,2026.03.25,1번째 방문,영수증,메뉴들이 퓨전인 것 같은데 맛있어서 계속 들어가네요. 순두부 추천합니다! 잘 먹고 가요👍,49,True
인혁킴,19,2026.03.29,1번째 방문,영수증,혜화 올 때마다 먹는 곳인데 명란 순두부랑 치즈감자전 너무 맛있고 분위기도 좋아요~~,47,True
kejiming,34,2026.03.28,1번째 방문,영수증,친구랑 같이 왔는데 특이한 메뉴가 많고 맛도 있어요 !! 미리 캐치테이블 예약하고 갔는데 10분 안에 입장했습니다 ㅎㅎ,66,True
김관주10,15,2026.03.29,1번째 방문,영수증,웨이팅은 길었지만 음식도 엄청 빨리 나오고 진짜 맛있습니다!!! 꼭 가보세요!! 👏👏,47,True
예진806,13,2026.03.24,1번째 방문,영수증,"평범한 일상이 특별하게 바뀌는 식당인거 같아요 너무너무 맛있는 메뉴들과 부담없는 가격, 친절하고 세련된 분위기에 자주 오고싶은 식당입니다 오늘도 너무너무 맛있게 잘 먹었습니다 !!🤍",101,True
01020102,8,2026.03.30,1번째 방문,영수증,혜화 올때마다 방문하는 맛집이에요 !,20,True
깡수s2,373,2026.03.06,1번째 방문,예약,"명란치즈순두부랑 차돌 들기를국수, 치즈김치볼 주문했어요. 메뉴들 다 넘 맛있게먹었는데 간이 살짝 센편이긴한거같아요😊",64,True
정동현3348,18,2026.04.05,1번째 방문,영수증,음식이 너무 맛있고 다들 친절하세요!,20,True
예언하다,20,2025.12.04,1번째 방문,영수증,"혼자 점심 먹으러 대학로 왔다가 웨이팅 길다고 유명한 오이지 운좋게 앉았다,, 기존에 없던 신메뉴인 미소해물 탕면 시켜 봤는데 전복, 새우, 홍합 해물이 푸짐하고 국물이 진짜 밥 말아먹고 싶은 맛; 칼칼해서 더 좋았고 매운거 좋아하시는 분들을 위해 맵기 조절도 되면 좋을듯? 1인분인데 면양도 꽤 많아요 진짜 코박고 먹었습니다 대학로에서 인기 많은 이유가 있네요🙏🏻✨",205,True
hyun****,5,2026.03.20,1번째 방문,영수증,진짜 대박맛잇어요 …. 감자전 +순두부+들기름국수조합최고 ❤︎,34,True
ccm****,4,2026.03.21,1번째 방문,영수증,뮤지컬 보고 벙문한 이곳.. 대표 메뉴인 명란치즈 순두부와 차돌 들기름 국수 먹었는데 탁월한 선택이었어요~ 들기름 국수에 차돌 양도 꽤 많았고 들기름의 향과 맛이 너무 좋았어요. 순두부는 치즈와 명란이 들어가서 감칠맛과 고소함이 함께 느껴져 맛있어요.. 밥 말아먹으니 더 맛있어요. 잘 먹었습니다. 다음에 또 방문하겠습니다~~,182,True
군디스9,17,2026.04.07,1번째 방문,영수증,특이하고 맛있네요~^^,12,True
까꿍이150,609,2025.11.29,1번째 방문,영수증,"⭐️⭐️⭐️⭐️⭐️ 너무 맛있는 퓨전 한식집! 이전에 이어 두번째 방문했어요! 이전에 들기름 막국수는 별로였고, 명란치즈 순두부랑 닭갈비 덮밥이 맛있었어요! 그래서 오늘 명란치즈순두부항 닭갈비 덮밥 먹으려 했는데 품절 ㅠㅠ 대신 명란치즈순두부, 차돌떡볶이, 김치치즈볼 시켰는데, 셋다 너무 맛도리였어요👍🏻(+공기밥 1개 추가) 저는 명란치즈순두부 &gt; 차돌떡볶이 &gt; 김치치즈볼로 맛있었고, 남자친구는 순두부 &gt; 치즈볼 &gt; 떡볶이 순으로 맛있다네용ㅎㅎ 다음에 또 방문하면 명란치즈순두부랑 닭갈비덮밥시키고 싶어용!",296,True
k122998,77,2026.03.22,1번째 방문,영수증,오이지 너무 맛있어요 데이트 하기 넘 좋은 장소였어요,29,True
elf****,64,2026.03.21,1번째 방문,영수증,메뉴 다 맛있어요 특히 순두부랑 가지튀김 맛있엇어요!!!!!,33,True
딸기먹고싶어요,16,2026.03.18,1번째 방문,영수증,생각보다 양도 많구 메뉴도 새로운 게 많아서 좋았습니다! 그리고 맛있었어요!,42,True
cho****,9,2026.03.29,1번째 방문,영수증,가족과 맛있게 먹었습니다,13,True
082****,92,2026.03.21,1번째 방문,영수증,너무 맛있어서 또 왔는데 오늘도 너무 맛있네요❤️❤️,29,True
줄리엣7744,45,2026.03.21,1번째 방문,영수증,매장도 깨끗하고 음식도 맛있어요 ❤️,20,True
솜사탕92,783,2026.03.31,5번째 방문,영수증,맛에비해 가격대가 쎔,11,True
mal****,25,2026.03.19,1번째 방문,영수증,매번 올때마다 너무 맛있게 먹고 가요!! 꼭 오세요~,29,True
dus****,23,2026.03.19,1번째 방문,영수증,맛있게 잘 먹구 갑니다.. 전복매콤비빔국수에 전복이 킥인 것 같아요ㅜㅜㅜ,40,True
달팽이92,76,2025.11.19,1번째 방문,영수증,순두부찌개와 미나리새우전 다 맛있습니다 다만 자리가 빨리 차기때문에 가능하면 미리 예약하고 오는게 좋습니다 막걸리도 달달하니 맛있습니다 다만 테이블이 넓지않기 때문에 이부분은 좀 불편합니다,105,True
서준원16,5,2026.03.29,1번째 방문,영수증,음식이 양도 진짜 많고 맛있어요 오래 기다리는 이유가 있는거 같아요! 차돌들기름국수 꼭 드셔보세요..,56,True
son****,14,2026.04.05,1번째 방문,영수증,다 맛있어요! 특히 차돌 들기름국수 존맛탱탱볼,25,True
Hailey8945,29,2026.04.05,1번째 방문,영수증,맛있어요ㅠㅠㅠㅠ 오픈런하길 잘했어요 정말~!~!,26,True
서영6077,12,2026.03.25,1번째 방문,영수증,양도 많고 음식이 다 정말 맛있어요!! 완전 강추합니다,30,True
포르툴라야,145,2025.10.12,1번째 방문,영수증,"🥢 퓨전한식집🇰🇷 오이지 대학로점 방문 후기 차돌 들기름 국수와 흑임자크림 수제비 주문했어요 🍜 기본찬으로는 오이장아찌와 양배추피클이 나왔는데, 간이 살짝 달달했어요 🥒 ✨ 차돌 들기름 국수 들기름 향이 향기로웠습니다. 보리국수면이 쫄깃하고, 달짝지근한 소스에 고소한 들깨가 톡톡 씹혀요. 다만 차돌은 비계가 조금 많았어요 🥩 🖤 흑임자 크림 수제비 메뉴판 그림보다 흑임자 양이 적어서 진한 맛은 덜했지만, 부드러운 크림 소스에 수제비를 떠먹으니 은근히 고소하고 든든했어요 🍲 한식의 따뜻함에 양식의 부드러움을 살짝 더한 느낌이었어요 🙂 전체적으로 찬과 음식 모두 단맛이 살짝 강해서 호불호가 갈릴 수 있겠지만, 가볍게 즐기기엔 괜찮은 퓨전 한 끼였어요 🌿",367,True
0키진,9,2026.04.09,1번째 방문,영수증,음식이 맛있고 데이트 하기 좋아요,18,True
kjk****,17,2026.03.22,1번째 방문,영수증,올 때마다 웨이팅 있어서 기다렸는데 오늘은 바로 입장했습니다 너무 맛있게 잘 먹고 갑니다,49,True
연쇄 팩트범,2162,2026.01.13,1번째 방문,영수증,가격 비싼편이고 이퀄리티인데 이 가격이니까 전 다신 안가고 싶어요. 그리고 무엇보다 점원분들 태도가 정말 .. 할 말이 없더군요. 데이트 코스로 갔다면 데이트하다가 기분 안좋아졌을 거 같아요. 분위기는 소개팅/데이트 하기 적합한 분위기라 유명해진거같은데 점원분들은 교육을 안받으신건지.. 음식 주고 가실때도 ‘세팅’ 이 아니라 그냥 음식을 놓고가는데만 급급하시더라고요. 반찬도 그렇고 메인디시도 그렇고요. 이런 곳 처음이에요. 그리고 계산하러 가면 아니 어디서 계산하는지도 모르겠고 그냥 손가락질만 하시네요. 기분나빴습니다. 계산하러가면 직원분들이 위치 확인해서 계산해주셔여 하는거 아닌가요? 잘못계산해서 다시결제했습니다. 아무튼 저는 다신 안가요 가실 분들 많이 가세요,375,True
toki1338,1839,2026.01.28,1번째 방문,영수증,단짠단짠 들기름 막국수 맛있어요 순두부는 부드럽고 반찬으로 나온 오이지무침도 맛있구 먹으면서 젊은 사람들 입에 맞게 퓨전으로 개발한거같단 생각을 했어요 다음에 또 가게 된다면 들기름 막국수랑 다른 음식도 먹어보고싶네요,121,True
Lucy2025,540,2025.11.23,1번째 방문,영수증,꼬막비빔밥먹으러 찾아간 오이지~~~ 오이피클에 오이지 매콤양념이 기본반찬으로 . 동서양의 맛으로 딱입니다. 냉우동도 역시 납짝면으로 독특한 일본의향이였어요.,87,True
혀니90,95,2025.10.19,1번째 방문,영수증,대학로 맛집이라고 해서 가봤는데 너무 맛있게 먹고 나온거 같아요 특히 저 미나리새우전의 바삭함과 반찬으로 나온 오이지 최고에요. 아이가 같이 있어 막걸리를 주문 못한게 너무 아쉽고..다음번엔 다른 메뉴도 주문해봐야 겠습니다. 200프로 강추 합니다.,139,True
qid****,5,2026.03.30,1번째 방문,영수증,양이 많고 맛있어요 👍👍👍👍분위기가 좋아서 데이트 하기 좋슴미다,35,True
gaerrrrrr,53,2026.03.28,1번째 방문,영수증,맛있어요 종종 옵니다,11,True
늪이,16,2026.03.28,1번째 방문,영수증,들막 순두부찌개 너무 맛있어요 ~,18,True
c2****,46,2026.03.15,1번째 방문,영수증,혜화 갈때 자주 가는데 자주 가면 질려야되는데 어째서인지 계속 맛있어요 👍😘 퓨전 한식인데 거부감이 없이 맛있어서 좋아요 !!,70,True
오리의 여행,151,2025.11.04,1번째 방문,영수증,명란치즈순두부를 먹었는데 체다 치즈가 아닌 모짜렐라가 올라가있었다. 무난하게 맛있었다. 근데 계란이 흰자까지 하나도 안 익은 상태로 나와서 조금 당황했으나 잘 섞고 기다리니 익었다. 밑에 작은 양초를 켜주셔서 식지 않게 먹을 수 있었음. 마지막에 양초 타는 냄새는 조금 거슬렸다 ㅠㅠ,158,True
foodie써니,1841,2025.12.26,2번째 방문,예약,명란치즈순두부 추운 날 뜨끈하니 맛나고 감자치즈전도 바삭하니 굿. 사과막걸리는 술 못하는 내가 마셔도 넘 맛나요.,63,True
먹대장23,1146,2025.11.23,1번째 방문,영수증,명란치즈순두부 차돌떡볶이 흑임자크림수지비 바싹치즈감자전 주문했어요 웨이팅도 제법 있었는데 주문하고 나니 음식도 금방 나왔어요 잘먹고 갑니다,77,True
listke,164,2026.03.21,1번째 방문,영수증,맛있어요 ~~ 다음에 또 올게요,17,True
lcm****,46,2026.03.21,1번째 방문,영수증,왜 웨이팅이 많은지 알것같음. 맛있어요 재방문의사 100!!!!!!,37,True
아마추어32,1568,2026.02.24,1번째 방문,영수증,김치차슈는 고기가 부드럽고 불향이 제대로 있어서 맛있어요. 밑반찬이랑 씻은 김치 조합이 좋네요. 맛도 깔끔합니다. 옥수수전은 생각보다 양도 많고 옥수수 외에 토핑이 더 있어서 그런지 식감이 좋네요. 잘먹었어요.,117,True
esther41,13,2026.03.18,1번째 방문,영수증,메뉴가 다양하고 맛있어요 ㅡ 인기장소라 조금 시끄러운건 있어요ㅠㅠ,36,True
정쌈지,10,2026.03.17,1번째 방문,영수증,음식도 바로 나오고 매장 분위기도 좋고 추천해요!!!👍👍👍👍👍,34,True
wjd****,5,2026.03.24,1번째 방문,영수증,완전 느좋 맛난 식당입니다,14,True
박주연7898,20,2026.03.18,1번째 방문,영수증,맛있고 깨끗해요,8,True
life105774,19,2026.03.28,1번째 방문,영수증,항상 맛있게 잘 먹습니다!,14,True
성진킴26,92,2026.03.17,1번째 방문,영수증,들기름 국수 맛있게 먹었어요!~,17,True
패스워드53,176,2025.11.29,1번째 방문,영수증,유니크한 메뉴가 있고 하나하나가 다 맛있어요. 다만 흑임자크림수제비는 수제비가 좀 뭉쳐진게 약간 아쉬웠어요. 그래도 또 찾아가서 다른 메뉴도 먹어보고 싶단 생각이 들었습니다.,97,True
rna****,14,2026.04.01,1번째 방문,영수증,먹은 두 메뉴 모두 추천합니다! 막국수 간도 적당했고 수제비도 너무 느끼하지 않아서 맛있었어요!,53,True
OBND,1857,2026.01.15,12번째 방문,영수증,"순두부 들기름국수 최고, 물김치 맛있어요",22,True
barbieee,405,2025.11.13,1번째 방문,영수증,퓨전 음식점인데 넘 맛있어요❤️ 어쩌다 보니 다 차돌 올려져 있는 걸로 시켜버렸지만 ㅋㅋㅋ 친한 언니 졸업전시 뒷풀이로 맛있게 먹고 갑니당 개인적으로 덮밥 강추요!!,92,True
lee****,11,2026.03.25,1번째 방문,영수증,너무 분위기 좋고 혜화 데이트 코스 추천입니다 느좋입니다 남자친구도 맛집이라고 좋아해요,48,True
frompretty,759,2025.09.13,1번째 방문,영수증,"기대가 너무 컸던 탓인지, 혹은 배가 안 고파서였는지 전체적으로 아쉬웠어요. 양은 넉넉하게 나오는 편입니다. *차돌 들기름 막국수: 기대가 컸는데, 너무 느끼하고 달아서 다 먹지 못했어요. *명란치즈 순두부: 나쁘진 않지만, 그냥 평범한 순두부 맛에 가까웠어요. *미나리새우전: 바삭하고 맛은 괜찮았지만 기름져서 남긴 걸 포장해 왔어요. 너무 큰 기대 없이 가면 나쁘진 않을 것 같아요. 분위기나 양은 만족스러웠습니다.",234,True
렛츠 Lets,137,2025.11.15,1번째 방문,예약,"완성도가 있는 퓨전 한식집 입니다. 개인적인 만족도는 높았지만, 디테일한 부분에서 다소 아쉬운 부분도 있었어요. ""차슈 김치 덮밥""은, 차슈는 불향도 나면서 너무나 맛있었지만, 김치는 아삭한 식감만 있고 맛은 제목에 김치가 없었다면 모를 정도로 김치맛은 없었습니다. 3.5점 ""명란 치즈 순두부""는, 순두부 찌개 특유의 맵고 얼큰한 느낌은 없지만, 적절히 간이 된 국물에 치즈를 두룬 순두부를 한 입 먹으면, 서양식 스튜 같기도, 안매운 순두부 찌개 같기도 하면서 맛이 훌륭합니다. 4.5점 ""차돌 들기름 국수""는, 들기름 막국수에다 달콤 짭쪼름한 소스와 차돌 고기를 토핑을 해놓은 것인데, 살짝 느끼한 느낌이 들지만, 소스 때문인지 중독적인 맛이 느껴져요. 3.5점",373,True
사또사,962,2026.03.18,1번째 방문,영수증,흑임자크림수제비 넘 궁금했는데 드됴 먹어봤어요🫣 크림우동같기도 하고 고소하고 넘 맛있네요🥹🥹🥹 혜화동 오시면 드셔보세요!!!,69,True
qkr****,13,2026.03.25,1번째 방문,영수증,정말 맛있게 잘 먹었습니다! 재방문 또 할 것 같아요!!,31,True
핸즈스토리,1862,2026.02.06,1번째 방문,영수증,오늘 주문했던 음식의 기본 베이스는 치즈라 살짝 느끼함이 있었지만 대체로 맛있고 흥미로운 음식이 많았습니다. 분위기가 좋네요!,70,True
Mermers,78,2026.01.17,1번째 방문,예약,치즈 순두부가 진짜 대존맛이여,16,True
푸드파이터s,1065,2025.10.12,1번째 방문,영수증,음식 하나하나 매력있네요 사과 막걸리는 상큼하니 음식과 잘 어울려요 잘먹고 갑니다,45,True
김지은8235,4,2026.03.18,1번째 방문,영수증,다 맛있습니다 !!,10,True
scm,12,2026.03.20,1번째 방문,예약,노맛임 달기만하고 내용물도 부실함 웨이팅했는데.,26,True
KMK43,762,2025.11.16,1번째 방문,영수증,녹진하면서 고소한 크림에 쫀득한 수제비 조합👍 웨이팅만 빼면ㅠ 다 좋은곳:),42,True
샹빈,17,2026.03.16,1번째 방문,영수증,너무 맛있어요!! 들기름 막국수 맛있어요,22,True
fj****,75,2026.04.08,1번째 방문,영수증,맛있어요!!,6,True
S P,428,2025.11.14,1번째 방문,영수증,기다려서 먹을 정도는 아니지만 퓨전한식 좋아하시는 분은 추천이요 맛있어요,40,True
strikeoil,449,2025.10.07,1번째 방문,예약,명란치즈순두부 찌게 이조합이 맛이없을수 없어요!! 들깨국수 면이 쫄깃하고 들기름향이 풍미를 확 올려줘여 그리고 치즈감자전 파사삭 고소 너무 맛있었고 막걸리가 킥입니다!!! 같이 드세요,102,True
별땅달땅,436,2025.12.28,1번째 방문,영수증,"서비스 최악이네요. 부모님 모시고 방문했는데 덜덜 떨며 한참 기다렸습니다. 2년 전에도 방문한 적이 있었고, 그때는 좋았던 기억이 있어 이번에 함께 가야겠다 생각하고 캐치테이블로 미리 웨이팅까지 걸며 기다렸는데.. 좋은 기억마저 없어졌습니다. 6명이라 대기가 필요하다는 안내 받고 기다리는데 2명,4명 계속 들여보내더니 다시 문의하니 저희가 들어가려면 찢어져서 앉아야한다고 하더라구요 6명이라 기다려야 한다고 해서 한참을 기다렸는데.. 결국 웨이팅 번호는 4번 받고 저희보다 늦게온 사람들 10번대 20번대 다 보내고 한시간가량을 기다렸습니다. 직원 응대도 저희탓 하는 것 처럼 말해서 불쾌해 재방문 하진 않을 것 같습니다.",349,True
북북21,105,2025.09.07,1번째 방문,영수증,들기름막국수가 너무 땡겨서 찾아왔어요! 기대했던 그 맛이라 넘 만족하구요. 밑반찬으로 나온 백김치와 오이지가 너무 잘 어울려요!! 매장도 한옥을 개조해 시원한 목재 재질로 시원한 느낌이 듭니다. 담에는 순두부찌개도 먹어야겠어요 옆에서 드시는데 냄새 미침 🌿차돌들기름국수(1.3),155,True
es55,458,2026.01.28,1번째 방문,영수증,맛나요 특색있어요 음식이 빨리 나와요,20,True
pr****,566,2025.12.09,1번째 방문,영수증,일식이여서인지 좀 짰어요.. 맬 웨이팅이 길어 못가보다가 오늘 사람들이 없어서 갔는데 조금 실망했네요..,58,True
BIove,3061,2026.03.23,1번째 방문,영수증,.,1,True
877609,29,2026.03.28,1번째 방문,영수증,맛있어요,4,True
미주알고주알입니다,246,2026.02.26,1번째 방문,영수증,,0,True
연정정연,8,2026.03.27,1번째 방문,영수증,맛있어요!!,6,True
연금술사522,19,2025.11.26,1번째 방문,예약,가성비가 좋은 편은 아니지만 맛있고 구성이 특이하긴 함. 명란+치즈+순두부는 평범한 조합은 아닌 듯. ㅎㅎㅎ,60,True
두더지사냥,1090,2026.01.17,1번째 방문,영수증,꼬막비빔밥 맛있엇어요~~~!!~!!,19,True
쪼이쪼이의 맛있는 여행,113,2025.09.06,1번째 방문,영수증,퓨전한식으로 무난하게 맛있음. 근처에 있으면 종종 갈꺼 같은데 멀리서 찾아갈 정도까지는 아님. 기대없이 먹으면 무척 맛있으니 기대치 낮추고 데이트하는 메뉴로는 추천!,92,True
아리아나아나,504,2025.08.12,1번째 방문,영수증,"얼마 전에 tv프로그램을 보는데 익숙한 혜화가 나와서 유심히 보다가 '오이지'식당이 나온 걸 보고 평소 웨이팅이 긴 걸 보고도 휙휙 지나다닌 걸 잠시 반성하며ㅋ 점심시간 땡하자마자 오이지로 내달림! 나는 시그니처메뉴 차돌들기름국수 초이스, 다른 일행은 명란치즈순두부찌개, 흑임자치즈수제비를 먹었는데 세 메뉴 모두 괜찮았다. 한옥풍의 인테리어에 워낙 소문이 자자한 메뉴라서 보통 이상은 하는 듯! 사람들이 너무 많고 서빙하시는 분들도 정신없이 다녀서 뭔가 더 시키기에도 부담스럽고 덩달아 정신없는 느낌ㅠㅠㅋㅋ",283,True
칠이잉,514,2026.02.09,1번째 방문,영수증,냠,1,True
태구사랑,130,2025.12.26,1번째 방문,예약,한옥에. 퓨전맛집 감자전 빠삭함 최고인듯,22,True
해피해피투데이,553,2025.11.15,1번째 방문,영수증,흑임자크림수제비가 궁금해서 갔는데 국물은맛있는데 수제비는 그냥밀가루라 아쉬워요 맛있었지만 막기다릴만한맛은아닌거같아요,64,True
hrh****,10,2026.01.18,1번째 방문,영수증,너무 맛있게 먹느라 사진을 못찍었어요 ㅠㅠ 인테리어도 이쁘고 사진찍기 좋아요!,43,True
발발대장,633,2025.11.24,1번째 방문,영수증,호불호 없이 즐길 수 있는 사람들이 항상 들끓는 이유가 있음,33,True
yuni2090,6,2026.03.19,1번째 방문,영수증,,0,True
dhdid211,1,2026.01.19,1번째 방문,영수증,"분위기 가성비 좋고, 친철합니다!",18,True
eog****,7,2026.01.18,1번째 방문,영수증,분위기가 너무 좋고 음식이 대부분 맛있습니다,24,True
영제이10,72,2025.08.30,1번째 방문,영수증,토요일 4시경 늦은 점저를 먹으러 들어갔어요. 그시간에도 사람이 많았어요. 메뉴가 특이하네요. 아이와 무얼 먹을까 고르다 마라차돌순두부와 스끼야끼덮밥을 주문했는데 굿 초이스! 맛있었어요:),105,True
달보드레42,4294,2025.06.09,1번째 방문,영수증,"✨️ 대학로 맛집~!! 💸 명란치즈 순두부(공기밥 포함): 15,000원 💸 차돌들기름국수: 13,000원 💸 흑임자크림수제비: 14,800원 💸 꼬막비빔밥: 12,500원 💸 일본식 넓적 냉우동: 14,000원 💸 치즈 옥수수전: 16,000원 💸 오이지 가지 강정: 16,000원 💸 공기밥: 1,000원 📱 캐치테이블 예약 가능 🚾 매장 내 남녀 구분 화장실 🤗 토요일 6시쯤 방문했는데 웨이팅 없이 바로 착석해서 주문했고, 음식이 빠르게 나와 기다림 없이 맛있게 잘 먹었어요~ 차돌들기름국수는 맛있어서 또 주문해서 먹었고, 다른 음식도 맛있었어요~ 식사 후 나올 때쯤 웨이팅이 있네요~ 캐치테이블로 예약 후 방문하시는 것을 추천드려요~",359,True
jos****,333,2025.08.13,1번째 방문,영수증,몇칠전에 TV 방송보고 꼭 가야지했던 오이지 ㆍ 기본찬으로 오이지 팍팍 무쳐주셨네요 흑임자크림수제비는 명성만큼이나 특별한 한끼 ㆍ대접 자~알 받는 수제비 ~~~ 순두부와 크림수제비의조합 환상이였습니다,111,True
hsp****,403,2025.10.10,1번째 방문,영수증,오랜만에 친구들과 비오는 대학로! 흑임자 크림수제비는 테이블마다 시켜먹는 메뉴인듯! 맛있네요.,52,True
jjyonsu75,97,2025.06.21,1번째 방문,영수증,"주말 점심엔 웨이팅이 있어서 미리 캐치테이블로 예약하고 가시는 걸 추천드립니다! 분위기도 좋고 인테리어도 이뻐서 친구끼리, 연인끼리 가면 만족도 높을 거 같아요~ 음식들도 맛있어서 색다른 퓨전한식 먹고 싶다면 오이지 추천드려요! 내돈내산한 주말 점심 든든하게 만족스럽게 잘 먹고 왔습니다!",161,True
Look50,91,2025.06.20,1번째 방문,영수증,맛있다고추천받아갔어요 식사보다는 안주느낌 가지강정 새콤하니 너무맛있고 치즈 옥수수전도 바삭하고맛있었어요 명란 치즈 순두부 살짝 매콤해서 좋았어요 맵찔이라 마라시켰음 큰일날뻔요 브레이크타임 전에 2시넘어갔더니 3시되자마자 손님 모두가 사라지셔서 급 당황했지만 음식 너무 맛있어서 또가고싶어요,161,True
tha****,24,2025.06.27,1번째 방문,예약,"친구랑 둘이서 저녁 겸 가볍게 술 한잔하러 방문했는데 감성적인 분위기에 맛있는 음식까지 더해져서 정말 만족스러웠던 저녁이었어요. 주문한메뉴 다 만족스러웠고 담에가면 또 뭐시킬지 고민할듯요ㅠ 분위기, 맛, 서비스까지 삼박자 고루 갖춘 대학로 맛집! 특히 치즈감자전은 꼭 드셔보세요. 바삭하고 고소한 맛에 계속 생각날 정도였어요. 다음에도 친구랑 또 오고 싶은 곳이에요💛",205,True
sseunDA money,1221,2025.11.09,1번째 방문,영수증,흑임자크림수제비 스키야끼덮밥 마라차돌순두부 먹었는데 전부 맛있었어요!,38,True
start05,57,2025.09.08,1번째 방문,영수증,지인들과 언제가도 만족스러운 식사를 할 수 있어요,27,True
카르페 디엠 50,634,2025.12.07,1번째 방문,영수증,"명란 치즈순두부, 일본식 넓적 냉우동, 매콤닭갈비덜밥~ 양껏 맛있게 먹고 나왔네요~ 항상 웨이팅하는것만 보다가 영업시간 마감 전에 가니까 웨이팅 없이 입장할 수 있었어요~ ㅎㅎ",98,True
Lee1191,788,2025.09.07,1번째 방문,영수증,오랜만에 방문했는데 여전히 맛있었지만 순두부찌개가 맵찔이 기준으로 좀 덜 매콤했어요..! 명란이랑 치즈가 있어서 더 매웠으면 더 맛있었을 것 같아요,82,True
올리브스카이,11,2025.08.03,1번째 방문,영수증,오랜만에 대학로에 와서 오이지 식당에 방문했습니다 워낙 유명한 곳이라 웨이팅 있습니다 캐치테이블로 웨이팅 했구요 시그니처 메뉴 명란 순두부 차돌 들기름 막국수 맛있습니다 사과 막걸리는 사과향이 짠합니다 . 탄산 강하지 않고 걸쭉한 느낌 좋아하시는 분 추천해요,144,True
채채키키,741,2025.08.27,1번째 방문,영수증,음식 맛있고 인테리어가 멋집니다!,18,True
블루3838,600,2025.08.26,2번째 방문,영수증,명란 치즈 순두부 맛있어요 양도 꽤 많아요 들기름 막국수는 달달 고소한 맛이고 닭갈비 덮밥은 닭껍데기가 좀 느끼했어요,65,True
savinavina,1763,2026.01.24,1번째 방문,영수증,오이지 맛집이네요,9,True
hy Lee,229,2025.12.05,1번째 방문,영수증,👍,1,True
lem3189,749,2025.09.06,1번째 방문,예약,대표메뉴인 명란순부두 치즈 먹었는데 맛있었어요~ 밥양도 많이 주시더라구요.,41,True
루루8211,1581,2025.08.02,1번째 방문,영수증,미디어 추천은 언제나 뽐뿌된다. 아는맛이무서움. 들기름.사과막걸리.왕갈비 추천합니다,46,True
신신신신시니신,358,2025.07.12,1번째 방문,영수증,주말 오후3시쯤가서 웨이팅없이 입장했어요 후기보고 이 두개가 많이 나오길래 시켰어요 명란치즈순두부 고소하니 맛있어요,64,True
harry0620,569,2025.12.19,1번째 방문,영수증,좀 자극적인맛,7,True
스호팬케이크,66,2025.05.26,1번째 방문,영수증,"진 짜 맛 있 어 요 더할 나위 없이 완벽한 식사! 메뉴도 독특하고 신기해서 정말 다 먹어보고 싶었어요. 기다림 없이 빨리 나왔고, 음료도 특색있고 너무 맛있었어요. 친구나 가족들과 함께 와도 좋을 것 같아요. 사실 6년쯤 전에 친구들과 왔었는데 그때 행복하게 만드는 그 맛 그대로네요. 너무 좋았어요!",169,True
동그라미V,2383,2025.08.08,1번째 방문,예약,대학로 연극보고 엄마랑 밥먹었어요 메뉴 다 맛있음👍😋,29,True
lil****,25,2025.08.30,1번째 방문,예약,다른 것도 괜찮지만 명란치즈순두부 추천합니다. 국물맛도 감칠나고 맛있어요.,41,True
쌤3317,1659,2025.11.29,4번째 방문,영수증,창경궁 들러 혜화가면 오이지 필수입니다,21,True
leo0309,52,2025.08.02,1번째 방문,예약,순두부찌개 얼큰하고 맛 쥑이네요~ 냉우동도 별미였습니다 👍,32,True
ej****,2249,2025.12.12,1번째 방문,영수증,,0,True
눈누난나비,51,2025.05.19,1번째 방문,영수증,들기름국수 명란 치즈 순두부 너무 맛있게 먹었어요 개인적으로 조금 짠 느낌 이지만 같이간 신랑은 너무 맛있다고 했어요 저는 순두부 너무너무 추천해요 첫맛은 응? 했다가 먹을수록 최고예요 분위기도 좋았어요,113,True
깜찍한투,1077,2025.04.19,1번째 방문,예약,"혜화 한식 맛집 오이지에 처음 가봤습니다 ㅎㅎ 양도 맛고 이곳에서만 맛볼 수 있는 특색있는 한식이 있어서 너무 좋았어요~! 좌석도 많고 대기가 있었지만 손님들이 잘 빠져서 웨이팅도 10분 이내로 했던 덧 같아요~! ㅎㅎ 명란치즈순두부랑 흑임자크림수제비, 치즈 옥수수전 모두 맛있었어요 ㅎㅎ 다음에 또 가고 싶어요!! ㅎㅎ",179,True
슈가라일락,1124,2025.10.10,1번째 방문,영수증,분위기 좋고. 맛도 좋네요~,15,True
삐퉁이,268,2025.07.27,1번째 방문,영수증,한옥을좋아해서 건물은맘에들었구요.전복비빔국수는 매콤하고 맛있었는데 일본식넓적우동은 이게 무슨맛이냐고~ㅋ 같이간 짝지가 궁시렁ㅋ 두가지 소스 맛이라고 말해줬어요 하나는 메밀소바 소스. 하나는 땅콩소스? ㅋ 그냥분위기로 냠냠ㅋ 나올땐 웨이팅줄ㅋ 같이간 짝지가 모이걸웨이팅하냐고 또궁시렁ㅋ,158,True
마루냥이,501,2025.05.03,1번째 방문,영수증,캐치테이블로 예약해서 갔습니다. 5번째가 되면에서 현장에서 기다리는데 20분정도 있다 들어가서 차돌 들기름 국수와 꼬막 비빔밥을 주문했습니다. 음식이 거의 바로 나와서 맛있게 먹었습니다. 두음식의 조화가 좋았고 처음 먹어보는 맛인데 정말 맛있었습니다. 재방문하고 싶은 맛집입니다.,156,True
바블의신나는세상,3173,2025.07.26,1번째 방문,영수증,대학로 오이지 들기름국수랑 명란순두부 한끼식사하기좋았어요,31,True
Choi Lu Tan,3050,2025.11.04,1번째 방문,영수증,,0,True
호이맘짱이지,172,2025.04.13,1번째 방문,영수증,웨이팅 엄청 많은데 오늘 운 좋게 바로 들어갔어요 캐치테이블로 미리 예약하셔도 좋을 듯 유명항 명란 치즈순두부 너무 맛있고 들기름국수도 담백하고 좋았어요 수제사과 막걸리 궁금해서 시켯는데 우아 사과가 다 갈아서 들어간 느낌! 막걸리 시켰더니 민증 검사하셔서 참고하세요 민증 보야달라고 하셔서 철저한 느낌이엇어요! 직원들이 바빠보이셔서 친절한 느낌은 아니였고 음식은 빨리빨리 나와요~ 음식은 100점짜리✨,225,True
Fun and happy,1177,2025.08.31,1번째 방문,영수증,오이지 대학로 맛집 일본식 넓적 냉우동 신기했어요 특이하고 맛있는집 대학로 맛집 인정👍,48,True
y소은,11,2025.08.13,1번째 방문,예약,저번에는 다른지점 방문했다가 대학로에도 있는거 알고 다녀왔어요. 명란이 들어간 순두부찌개 짭짤하니 비 오는날 짱이였습니다,67,True
영이702,48,2025.04.20,1번째 방문,예약,대학로에 연극 보러 갔다가 오이지에 들렀습니다 다행히 운좋게 웨이팅 없이 들어갔고 걸어가는 길이 너무 예뻤네요 들기름막국수와 명란순두부찌개 시켰는데 저는 들기름막국수가 너무 맛있어서 눈이 커지는 맛이었어요 순두부찌개는 치즈가 많이 딸려오는거 빼고는 생각보다 맛이 평범했어요 한번쯤 와볼만한 곳은 맞더라구요,170,True
정현희9390,1211,2025.08.04,1번째 방문,영수증,덮밥 맛있었어요.다음에는 순두부로..,20,True
다람쥐ed,368,2025.05.23,1번째 방문,영수증,명란 치즈 순두부 따듯하고 맛있어요. 차돌 들기름 국수 시원하고 맛있어요.,41,True
하늘이7351,697,2025.05.18,1번째 방문,영수증,"흑임자크림수제비,명란치즈순두부 둘 다 깔끔하고 맛있었어요^^* 번창하세요❤️",42,True
y12345678,1438,2025.07.15,2번째 방문,영수증,평일엔 웨이팅 별로 없어서 기다릴만 해요,22,True
NUE15,248,2025.03.30,1번째 방문,영수증,연극보고 저녁먹으러 갔었는데 진짜 너무 만족하고 왔습니다 저번부터 오고싶었었는데 웨이팅을 꽤 서는 알려진맛집인가봐요 약간 퓨전느낌이라 좋은것같아요 ㅎㅎ술도 같이 즐길수있는곳인것같더라구요 둘다 마라랑 크림을 좋아하는데 마라는 너무맵지도 너무 자극적이지도않은 맛있는 탕이였구요 흑임자 크림치즈수제비는 계속먹으면 느끼하지만 너무 부드럽고 식감도좋은 신비한수제비였어요 어디서도 맛볼수없었던 식사라 굉장히 오랜만에 만족하고 왔습니다 ㅎㅎ 감사합니다,245,True
모찌김,231,2025.03.29,1번째 방문,예약,존맛임 갈 때마다 항상 웨이팅 있었어요 캐치테이블 앱 깔아서 방문 20분 정도 전에 웨이팅 해두는 거 추천합니다! 명란치즈 순두부랑 흑임자크림수제비 먹었어요! 이전에 왔을 때 차돌들기름 국수도 먹어봤는데 셋 다 정말 정말 맛있습니다. 긍데 흑임자크림수제비는 많이 느끼해서 꼭 중화가능한 메뉴와 함께 시키십셔 최애메뉴는 순두부입니다 진짜 존맛,190,True
수산64,402,2025.07.19,1번째 방문,영수증,들기름막국수 맛있었어요! 이후로도 생각나더라구요,26,True
신2679,696,2025.05.23,1번째 방문,예약,맛도 가격도 괜찮았습니다 퓨전 느낌이고 음식도 빨리 나와서 좋았습니다 한옥 개조한 내부도 마음에 들었어요,58,True
foodie써니,1841,2025.05.04,1번째 방문,영수증,"캐치테이블 필수. 순두부,차돌들기름파스타, 감자전, 사과막걸리 먹었어요. 모두 맛나요. 그중에서도 감자전 바삭하니 막걸리안주로 굿",72,True
히트4242,1652,2025.04.06,1번째 방문,영수증,퓨전 한식집 젊은 친구들을 위한 퓨전 음식 명란 치즈 순두부 차돌 들기름국수 차슈 김치덮밥 전복 비빔국수 정말 다 맛 좋아요 다른 음식들도 다 맛있을것 같아요,88,True
주먹밥 브이,3264,2025.12.29,1번째 방문,영수증,굿,1,True
지니온리,537,2025.03.02,2번째 방문,영수증,"주말 저녁 7시 반쯤 방문했는데 웨이팅 2번이라 금방 들어갈 수 있었습니다! 차돌들기름국수, 흑임자크림수제비, 차돌숙주오꼬전 주문했어요! 여자 둘이서 먹었는데 양이 많았어요ㅜㅋㅋㅋㅋㅋㅋㅋ 오꼬전 말고는 두개 메뉴 다 5분 정도만에 나온 거 같아요! 국수는 진짜 고소하고 차돌 토핑도 많았어요 수제비는 흑임자보다는 크림소스 맛이 센편이었지만 부드러웠어요 숙주오꼬전은 차돌이 제육볶음의 매콤한 스타일로 얹어져있어서 느끼할 수 있는 전이랑 먹으니까 조합이 좋았어요 안주용으로 좋은 거 같아요!",272,True
Jruek,24,2025.07.26,2번째 방문,영수증,대학로에서 인기가 많고 리뷰도 좋아서 한번 가봣습니다. 일단 음식은 진짜 빨리나와요 이거는 너무 좋아요 하지만 가게가 너무 덥네요 웨이팅 하면서 밖에서도 너무 더운데 기다리고 순서가 되서 안내받앗는데 너무 더워요 가게가 에어컨을 제일 쎄게 한건지 안한건지 직원한테도 너무 덥다고 에어컨좀 쎄게 해달라고 했는데 이게 제일 쎈거다 짜증나는 말투로 말하고 저희도 밖에 더운데 여기 가게 먹어보고 싶어서 기다린건데 가게도 더우면 다시는 오고싶지 않겟죠? 맛도 그냥 그랫고 그냥 빨리먹고 나왓네요 에어컨을 바꾸시던가 아니면 더 설치를 하시던가 하면 좋겟네요,306,True
개앵쓰,93,2025.02.09,1번째 방문,영수증,"🍎 특별한 메뉴 가득! 색다른 한식 맛집 오이지 🍎 🥕 주문메뉴 1️⃣ 명란 치즈순두부 명란 가득, 부드럽게 녹은 치즈와 계란 한 알이 풍덩 담긴 순두부는 추운 날 ⭐️필수로⭐️ 주문해 줘야 하는 메뉴이다. 식사하는 동안 식지 않게 먹을 수 있도록 고체연료가 함께 제공되어 끝까지 따뜻하게 먹을 수 있었음. 맵기는 진라면 매운맛을 먹을 수 있다면 편안하게 먹을 수 있을 정도의 맵기인 것 같다! 2️⃣ 흑임자크림수제비 처음보는 조합의 메뉴였던 흑임자크림수제비! 너무 궁금해서 고민 없이 주문했다. 흑임자의 꼬숩한 맛이 크림과 잘 어울렸음. 흑임자 가루 많은 부분의 크림 잔뜩 퍼먹었다❣️ 한가지 아쉬운 점이 있다면 수제비의 쫀득쫀득 씹는 맛이 없었다 3️⃣ 수제 사과 막걸리 사과의 기분 좋은 달달함에 꿀꺽꿀꺽 마셨다🍎",402,True
jt****,596,2025.10.25,1번째 방문,영수증,자주 방문할듯 합니다:),13,True
멍구5372,10,2025.08.24,1번째 방문,영수증,화장실 냄새인지 하수구 냄새인지 모를 무언가가 너무 강력하게 코를 자극하네요 먹는내내 힘들었어요 개선해주세요.,61,True
토리뷰,951,2025.02.13,1번째 방문,영수증,"목요일 오픈 10분 전에 도착해서 바로 입장했어요! 가장 유명한 차돌들기름국수, 명란치즈순두부를 시켰고, 떡볶이를 좋아해서 차돌떡볶이도 시켰어요! 차돌들기름국수는 느끼하지 않고 맛있어서 꼭 먹어 보면 좋을 것 같고, 명란치즈순두부는 태안에서 먹었던 게국지 맛도 나고 단맛이 적절히 어우러져 맛있었어요. 차돌떡볶이는 맵지 않고 달달하니 괜찮았는데, 떡볶이는 맛집이 많으니 다른 곳에서 드세요 ㅎ 제 개인적인 생각으론 웨이팅 30분 이내면 충분히 먹을 만하다고 생각해요. 간이 세고 단 음식을 좋아하시는 분들은 웬만한 메뉴 다 잘 먹을 것 같습니다😉",305,True
Daria7,715,2025.06.28,1번째 방문,,웨이팅이 없어서 시간 절약되니 좋더라고요. 밑반찬이 없는게 좀 아쉽지만 대체로 맛은 좋았어요~ 반찬 오이지 맛있어서 몇번 리필해서 먹었네요. ㅎ,80,True
Soo8922,840,2025.05.07,2번째 방문,영수증,깔끔하고 맛있어요 모든테이블이 다 이렇게 주문 ㅋ,27,True
cailisin,428,2025.02.15,1번째 방문,영수증,서울대병원 옆에있는 골목길을 걷다보면 분위기 좋은 가게들이 몰려있다. 그중에 늘 엄청난 웨이팅을 자랑하는 한곳인 바로 이곳 오이지! 우선 캐치테이블 웨이팅을 걸어놓고 편안하게 대학로를 크게 한바퀴 돌아다니며 구경하고와도 웨이팅이 꽤 오래걸리는 곳이다. 순번이 되어 들어가면 자리를 바로 안내해주신다. 이곳에 오면 많이 시키는 명란 치즈 순두부와 차돌 들기름 막국수를 하나씩 주문하고 수제 사과 막걸리도 가볍게 1잔 주문! 순두부는 명란의 짭쪼롬함과 듬뿍 들어간 치즈의 고소함이 느껴지는 칼칼한 찌개의 맛이였다. 짭.고.칼? 의 조화가 적절했는데 공기밥은 필수! 들기름 국수는 약간은 슴슴하며 담백한 맛을 보여주었다. 약간은 극과 극의 메뉴 주문이였지만 의외로 두개가 어울리는 가벼운 한끼 식사였던것 같다.,394,True
OooOoO,211,2025.02.15,1번째 방문,예약,명란치즈순두부 대표메뉴이길래 먹었는데 엄청 맛있어요! 살짝 매콤해서 맛없없 조합.. 또 먹고 싶은 메뉴예요. 치즈가 많아서 떠먹기 좀 힘들긴 한디 감안하고 먹을 만합니다. 차돌온국수는 잔치국수 느낌이라 뜨끈하고 좋았고요. 치즈김치주먹밥?도 괜찮았습니다.,141,True
양배 츄,419,2025.06.19,2번째 방문,예약,크림수제비 먹다보니 좀 느끼해요!,18,True
불멍친구,1186,2025.05.25,1번째 방문,영수증,명란치즈순두부찌개 맛나요,13,True
아이캔이야,544,2025.02.10,1번째 방문,영수증,우연히 근처에 갔다가 오픈런 대기줄 보고 들어갔어요 음식 비주얼도 좋고 맛도 독톡합니다. 가장 많이 주문하는 메뉴는 아닌것 같지만 메뉴 선택 잘한것같아요 다른 메뉴가 궁금해서 또 올 것 같아요 잘 먹고 갑니다,116,True
sssriiiiii,580,2025.04.20,1번째 방문,영수증,오픈 전부터 많이들 기다리길래 가봤어요~ 크림수제비랑 순두부찌개 먹었는데 둘다 맛있었어요!,50,True
Tc79,2384,2025.08.21,1번째 방문,예약,good,4,True
Europa,147,2025.02.08,1번째 방문,영수증,대기가 길어서 힘들었어요 ㅠ.ㅠ 흑임자크림수제비는 크림 스파게티 느낌으로 국물이 고소했습니다. 차돌들기름국수는 느끼하지 않고 상큼해서 맛있었습니다. 대기가 길었지만 음식은 빨리 나와서 다행히 예매한 공연에 늦지 않게 여유있게 먹을수 있었습니다.,136,True
겸갱이,1075,2025.03.09,1번째 방문,영수증,연극보고 들린 곳인데 웨이팅이 긴만큼 맛도 좋아요 분위기도 좋고 :) MZ들이 딱 좋라할만한 맛도 분위기도 다 가진 곳 같아요 !!,73,True
오스틴46,237,2025.06.29,1번째 방문,예약,순두부 와 들기름 막국수가 추천메뉴인걸 끄덕이게 됩니다. 조화로운 맛이 좋습니다,44,True
푸우90,13,2025.09.13,1번째 방문,예약,너무너무 맛있었어요,10,True
annproject,491,2025.04.07,3번째 방문,영수증,언제 먹어도 맛있어요~~~맛있는 한식 퓨전 맛집!!,28,True
소느느먹자,1857,2025.08.12,1번째 방문,영수증,,0,True
육회참깨통깨,339,2025.02.08,1번째 방문,영수증,차돌들기름국수 명란치즈순두부 주문했습니다 :-) 앞에 13팀정도 있었고 30분 이내에 순서가 왔던 것 같습니다 주문한지 얼마 안돼서 메뉴가 나왔고요 소주는 팔지 않았습니다 순두부찌개는 명란을 풀어서 먹는거였는데 제가 평소에 간간하게 먹는데도 좀 간이 셌습니다 차돌 들기름 국수는 들기름 향이 많이 나서 좋았고 중간에 들깨가 씹혀서 식감도 좋았습니다 위에 고기도 맛있었어요 다만 달기까지 해서 약간 느끼했습니다 잘 먹었습니다,236,True
파아란하늘508,1219,2025.08.20,1번째 방문,영수증,,0,True
MOBIUS STRIP,76,2025.04.20,1번째 방문,예약,대학로 공연보러갔다 들렀어요~ 맛있게 잘 먹고가요~,28,True
꿀단지4개,1082,2025.03.02,2번째 방문,영수증,지난 초봄에 방문했던 기록을 영수증을 이제야 찾아서 올립니다! 가족끼리 서울 나들이 갔던 날 방문햇어요. 고딩이 따님이 인스타에서 봤는지 꼭 가고 싶다고 해서 출발전부터 리스트에 넣어뒀구요. 사실 저는 두번째 방문이었어요~^^ 대학로 맛집 답게 특별한 메뉴로 맞아준 오이지.. 맛있게 잘 먹었습니다만~ 가족 식사한끼 보다는... 친구와 술한잔 곁들인 식사한끼 한 날이 더 행복했던 거 같아요..^^,222,True
paekku666,585,2025.04.11,1번째 방문,영수증,맛집은 이유가 있는법! 아이들도 모두 좋아하는 메뉴!,29,True
tnfk422,351,2025.01.26,1번째 방문,영수증,짱맛 짱맛 짱맛 너무 맛있어요 무조건 담에 또 갈 곳. 처음 간 곳인데 담에 갔을 때도 이 감동이 그대로만 완전 최고 맛집될 거 같아요. 크림수제비 생각보다 많이 안 느끼했고 명란순두부 치즈랑 같이 있으니까 더 맛있었어요 가지튀김도 생각보다도 더 맛있었고 음식 여러개 시키면 하나는 빠지는 게 있는데 오이지는 다 음식이 맛있네요 간도 딱이에요 조화도 좋고👍,199,True
솜사탕92,783,2025.03.19,4번째 방문,영수증,음식 하나하나 다 맛있어요,14,True
뮨123,1900,2025.07.31,1번째 방문,예약,맛나용,3,True
불량감자7609,1542,2025.03.15,1번째 방문,영수증,차돌들기름국수는 들기름과 차돌에 궁합이 좋았어요 순두부는 좀더 뜨겁게 나왔으면 좋겠습니다 김치볼은 기본은 합니다,62,True
거북이냠,141,2025.01.23,1번째 방문,영수증,"명란순두부는 담백하고 간이 적당하며 치즈랑 순두부, 명란이 넘 국물이랑 잘 어울렸어요. 먹고 난뒤 투머치 느낌이 없는 깔끔한 맛! 들기름국수는 아! 찐맛! 집에서도 생각났어요. 한동안 만들어 먹을것 같아요! 통들깨가 오독오독 톡톡 터지며 고소한것이! 또 가도 좋을 집! 우린 5시 45분쯤 갔다가 30분 웨이팅! 근처 올영 있으니 한바퀴 돌고 오면 딱 맞게 알림 와요! 단! 호출후 1분간 입장 안되시면 자동 취소 되니 늦지마세요! 입구 풍경이 이뻐서 기다리는 맛도 괜츈. 밑반찬 오이지는 맛이가 없었다는ㅋ ㅋㅋㅋㅋㅋ",289,True
도쿄바나나,779,2025.04.04,1번째 방문,영수증,유명한 곳이라 방문했는데 순두부찌개 추천!! 너무 맛있어서 밥2공기 각!!,41,True
jj8932,78,2025.04.01,1번째 방문,영수증,맛있게 잘 먹었습니다~! 잣 막걸리도 맛나네요👍,26,True
숭애옹,144,2025.03.08,1번째 방문,영수증,혜화 웨이팅 맛집답게 무조건 웨이팅이어도 후회 없어요 ㅎㅎ 무조건 명란치즈순두부 시켜드세요 술은 살구 맛도리였어요,63,True
찡찡씨,75,2025.01.11,1번째 방문,예약,"방문 전 부터 뭘 먹을까를 진짜 많이 고민 했던 것 같아요ㅋㅋ 결국엔 명란치즈순두부, 흑임자크림수제비, 가지떡강정, 사과 막걸리 주문 했는데 너무 탁월한 선택이었어요♡ 특히 가지떡강정ㅠㅠ 칠리소스랑 넘나 잘 어울렸어요!! 음식도 빨리 나오는 편이고, 직원분들도 친절하시구! 담에 대학로 방문하게 되면 다른 메뉴도 도전해 보고 싶어요!! *캐치테이블 예약은 필수 인 것 같아요ㅎㅎ",211,True
zhu79,2408,2025.09.05,3번째 방문,영수증,..,2,True
해피맥스,456,2025.03.02,1번째 방문,영수증,양 적당하고 맛있고. 순두부찌개는 생각보다 치즈가 많고 끓어먹으니 끝까지 늘어지는 치즈를 먹을 수 있음. 밥은 일부러 찬밥 느낌인 건지? 사과막걸리에 사과향이 잔뜩,91,True
SE1303,1594,2025.12.06,1번째 방문,영수증,좋아요,3,True
justin park,350,2025.04.14,1번째 방문,영수증,무난한 가성비 음식. 순두부는 두부자체가 차가웠음.밑반찬이 조금 신경쓰면 좋을듯. 주차는 안됨.,53,True
뼛속까지회사원,751,2025.03.15,1번째 방문,영수증,명란 순두부는 맛있고 들기름 국수는 별로였어요. 별미로 먹을만한 집인 것 같아요-,45,True
기쁨이486,1809,2025.06.04,1번째 방문,영수증,차돌 들기름 국수. 흑임자 크림 수제비 모두 맛있었어요.,31,True
dor****,118,2025.02.08,1번째 방문,영수증,마지막 한자리 있어서 기다림없이 입장했어요. 차돌들기름국수 차가운데 맛있고 명란치즈순두부에 밥말아서 먹으니 든든합니다. 사과막걸리는 주스같아서 맛있어요. 재방문하고 싶어요~,96,True
밍 소,142,2025.01.06,1번째 방문,예약,"전부터 와보고 싶었는데 항상 웨이팅이 있어 못 오다가 오늘 월요일 점심이라 그런지 웨이팅이 없어 예약 안 했는데도 안 기다리고 바로 들어왔어요! 명란 치즈 순두부랑 차돌 온국수 시켰는데 음식도 빨리 나오고 맛도 너무 맛있었어요!👍🏻 명란 치즈 순두부는 치즈가 잔뜩 들어가 있어서 다른 순두부찌개랑 차별화된 맛이고🧀, 차돌 온국수는 온 국수라 그런지 뜨겁진 않고 약간 다듯하게(따뜻🙅🏻‍♀️) 나오는데 차돌이랑 같이 먹으니 심심하지 않고 맛있었어요!😋 캐치테이블로 예약하고 방문해도 되지만 예약을 안 했다면 월요일 점심을 노리면 좋을 듯합니다😉",303,True
밍둥이,1233,2025.02.09,1번째 방문,영수증,"가는길에 웨이팅 걸어놓고 기다려 들어갔어요. 30분정도 걸린것같네요. 차돌들기름국수와 명란 치즈순두부를 먹었어요. 국수는 들기름 향과 맛이 낭낭한게 고소해서 맛있었구 순두부도 굿~~ 작은 불을 넣어주셔서 따뜻하게 먹을수 있었어요. 메뉴들 전체적으로 괜찮고, 외국인 친구들 데려가도 좋을듯 합니다.",165,True
shjforever,405,2025.01.25,2번째 방문,영수증,토요일에 4시 50분쯤 방문했는데 웨이팅 1팀 있어서 예약 걸어놓고 돌아다니다가 5시 좀 안되어서 들어간것 같아요 친구랑 왔다가 맛있어서 남자친구 데리고 다시 왔어요~ 다 먹고 나오니깐 웨이팅 18팀이더라구요,116,True
lady15,850,2025.04.13,1번째 방문,영수증,인테리어가 이뻐요,9,True
toddotk,652,2025.04.19,1번째 방문,영수증,미나리 새우전 맛있어요 ~사과 막걸리도 내 입에 딱♡,29,True
peach59,204,2025.04.19,1번째 방문,영수증,너무 맛있게 잘 먹었어요🤍,14,True
콜라하이볼,154,2025.02.22,1번째 방문,영수증,"제일 유명하다고 한 명란 치즈순두부, 차돌 들기름 국수 시켰습니다. 순두부는 무난하게 먹기 좋은 맛이었고 그다지 맵지는 않았어요. 치즈의 느낌이 강하진 않았던 것 같아요. 그런데 들기름 국수는 와! 진짜 맛있습니다. 느끼하지도 않고 고소하고 들기름 맛도 잘 나서 너무 만족스러웠습니다. 다음에 가면 들기름 국수는 또 시켜 먹을 것 같네요.",189,True
kyh****,2667,2025.09.05,1번째 방문,영수증,굿,1,True
EON07,935,2025.07.05,1번째 방문,영수증,,0,True
hee****,3915,2025.09.01,3번째 방문,영수증,,0,True
채다커,18,2025.04.23,1번째 방문,영수증,"이런 맛 처음입니다. 밑반찬으로 나오는 대표적인 오이지 심각하게 짭니다. 매운닭갈비덮밥 진짜 짭니다. 꼬막비빔밥 정말 짭니다. 미나리새우전 완전 짭니다. 명란치즈순두부 그냥 먹을만 합니다. 치즈옥수수전 그냥 먹을만 합니다. 테라가 제일 맛있었습니다. 맛있다고 소문난 집 틱톡에도 꼭 가봐야 한다길래 갔다가 소금밭에서 뒹굴다 온 기분입니다. 저도 외식업 20년 해봐서 웬만하면 이런 댓글 달고싶지 않습니다. 하지만 정말 오랜만에 지인들과 모여 식사하고 연극표까지 마련된 소중한 내 저녁시간,식사비 하루를 완전 망쳐버린 오이지입니다. 남 장사하는 스타일까지 거론하고 싶지 않습니다. 적어도 기본적 맛에 대한 근본도 무시한채 소금소태,바닷물에 절여나온 듯 한 음식들 이래도 사람 많은거 보면 신기합니다.",390,True
맘두먹자,178,2025.01.11,1번째 방문,영수증,4시40분쯤 웨이팅 걸었고 5시에 들어갔어요 근데 10분 사이에 웨이팅 25팀 생긴거 보고 기겁함 타이밍 잘 맞추지 않으면 오래 기다려야할듯 ? 자극적이고 맛있었어요,92,True
찐이s,315,2025.05.11,1번째 방문,영수증,음식이 너무너무 맛있습니다!!,16,True
유지니닷,106,2025.02.04,1번째 방문,영수증,대학로 놀러와서 점심먹으러 왔어요 음식은 쏘쏘~ 소갈비 맛있는데 양이 넘 적어요... 저녁에 술먹으러 오는게 더 좋을거 같아요~,71,True
S2eon45,248,2025.01.19,1번째 방문,영수증,맛있었어요 ! 재방문의사 있움,16,True
햅삐151,752,2025.04.24,1번째 방문,영수증,근처 맛집 찾다가 후기가 좋아서 혼밥 했어요,24,True
스노우볼413,786,2025.03.09,1번째 방문,영수증,테이블링으로 예약해서 몇분 안기다렸어요 순두부 좋아하는데 명란이랑 생각보다 잘 어울리더라고요 잘 섞어야되요 잘 못섞어먹어서 마지막에 명란 파티했네요 비빔밥은 쏘쏘해요,92,True
Wjd340,827,2025.05.21,1번째 방문,영수증,한식 퓨전 메뉴가 여러 가지 있어요 맛은 무난 합니다.,30,True
joo****,40,2025.01.19,1번째 방문,,음식이 맛있고 서비스가 좋아요,16,True
아메리카노 조아조아,672,2025.08.05,1번째 방문,영수증,,0,True
나54916,1999,2025.02.24,1번째 방문,영수증,조금 간이 쎄지만 맛있어요,14,True
dety,823,2025.01.12,1번째 방문,영수증,3시 쯤 방문했더니 주말인데도 웨이팅이 없어서 들어가서 먹을 수 있었어요!! 테이블 오더라 편하고 메뉴 빨리 나와서 좋았습니당 친절하시고 좋아요!!,82,True
shjforever,405,2025.01.07,1번째 방문,영수증,맛있어요! 음식도 빠르게 나와서 좋아요~,22,True
파랑인데요,59,2025.01.08,1번째 방문,예약,"개성있는 메뉴들이 많은것같아요! 스키야끼 덮밥과 차돌들기름국수 먹었는데 스키야끼 덮밥은 달달하고 맛있고, 차돌 들기름 국수는 엄청 꼬소해서 손이 자꾸 갑니다 ㅎㅎ 두 매뉴 다 추천합니다!",104,True
밴댕이소갈딱쟁,50,2025.01.16,1번째 방문,영수증,순두부가 거기서 거기지 했다가 맵쌀하니 맛나게 잘 먹었습니다. 미나리전도 크고 실하네요 같이 딸려오는 오이지반찬이 너무 맛있어 한공기 뚝딱,77,True
yys3908,1875,2025.02.22,1번째 방문,영수증,음식들이 모두맛있어서놀랐어요. 웨이팅은 피할수없었지만 기다려서 먹을만하네요,41,True
HooneyFL99,956,2025.01.01,1번째 방문,영수증,차돌 들기름 국수 맛있네요.,15,True
flfhwlr8765,739,2025.04.12,1번째 방문,영수증,,0,True
JW46,1163,2025.04.27,1번째 방문,영수증,.,1,True
마이멜로딍,425,2025.07.27,1번째 방문,영수증,굿굿,2,True
che****,296,2025.02.15,1번째 방문,영수증,음식이 맛있어서 그른지 웨이팅이 많아요 테이블 간격이 좁아서 조금 불편합니다 분위기도 좋고 맛도 좋아요,57,True
튼튼918,6,2025.01.22,1번째 방문,영수증,"차슈덮밥 넘 맛있었고, 나물 비빔밥도 기대 이상이었어요! 고추장이 들어가지 않고 처음 보는 나물 조합이었는데, 부드럽고 술술 넘어갔습니당👍 친구랑 와서 잘 먹고가네요~",93,True
에브리데이2938,536,2025.01.17,1번째 방문,영수증,퓨전스러운 음식들이 많어 새롭네요 웨이팅도 많고 예약후 입장 명란치즈순두부는 칼칼하니 맛있는데 나중에는 명란의 짠맛이 올라와서 짠 느낌요 흑임자 수제비는 맛있어요 쫄깃하고 부드러웠어요 치즈옥수수전도 괜츈 차돌 숙주는오꼬전은 넘 짜고 제일 손이 안간음식 ㅜㅜ 한번 가볼만한 맛집이요,156,True
sudaling,1622,2025.04.04,1번째 방문,영수증,.,1,True
ntimes,662,2025.06.02,1번째 방문,영수증,들깨차돌 맛나요,8,True
꿈94,64,2025.01.17,1번째 방문,영수증,대학로 인기집이라 가보았어요. 마침 브레이크타임 딱 끝나는 시점에 갔더니 자리가 있었고 대기없이 가능했죠. 분위기도 좋고 기대만땅이었음. 최대한 인기메뉴를 먹어보기로 해서 세가지를 주문했죠. ㅠㅠㅠ 스끼야끼덮밥은 너무 달고 들기름국수는 너무 짜고 ㅠㅠ 일단 모든 음식의 기본적인 간이 맞지 않아서 국수는 추가해서 비벼 먹었습니다. 감사합니다 .원래 이 식당은 모든 음식이 과하게 달고 짜고 하다네요. 그래서 주방에 얘기하면 국수나 밥이나 추가로 준답니다. ㅋ 그래도 기본이란게 있는데 음식맛을 해칠정도로 그러니 당황스러웠고요. 왜 줄을 서 있나 싶을 정도였어요. ㅠ 극단짠음식 먹으며 술을 마신다면 안주발 않세우고 저렴하게 한잔 마실 수 있는 집이라서인가?ㅋㅋ 일단 저녁식사 집으로는 패스입니다.,389,True
wur****,1611,2025.08.14,1번째 방문,영수증,순두부찌개 맛있어요,10,True
바람7791,1338,2025.02.17,3번째 방문,영수증,,0,True
gzt0gbf,1472,2025.04.20,1번째 방문,영수증,좋아요,3,True
al****,1424,2025.01.26,1번째 방문,영수증,,0,True
하늘전사2024,998,2025.03.13,1번째 방문,영수증,굿,1,True
맛존디,180,2025.01.18,1번째 방문,영수증,,0,True
lao75,3987,2025.03.19,1번째 방문,영수증,맛있어요,4,True
혀니2988,1512,2025.05.10,1번째 방문,영수증,맛있어요!,5,True
Ho도리,1075,2025.01.04,1번째 방문,영수증,,0,True
soj****,1501,2025.05.29,1번째 방문,영수증,굿,1,True
꽁꽁1530,1558,2025.01.19,1번째 방문,영수증,퓨전 한식. 생각보다 맛있었어요. 어르들도 좋아하고 아이도 좋아했어요. 수제사과막걸리도 맛있게 먹었네요,57,True
mocanyan,558,2025.01.12,1번째 방문,영수증,,0,True
Jenny7711,3247,2025.01.01,1번째 방문,영수증,맛있어요,4,True
SY70,426,2025.01.22,2번째 방문,영수증,음식도맛있고 대기없이 들어갈수있었네요 식사시간을 30분만조절하면대기없어요,40,True
